Soybean yield (kg/ha);ECa (mS m);Clay (%);Silt (%);Sand (%);pH(water);SOM (%);P(mg/kg);K(mg/kg);Ca(cmolc/kg);Mg(cmolc/kg);SB(cmolc/kg);Al(cmolc/kg);H+Al(cmolc/kg);AS%;BS%;CTC(cmolc/kg);Tem_Zero_Al_AS;Outlier_Mahalanobis;Outlier_IsoForest;Score_PC1;Score_PC2;Score_PC3;Score_PC4;Ranking;Cluster_KMeans;Cluster_Hierarquico;Zona_Manejo;Produtividade_sc_ha;Produtividade_Prevista_sc_ha
3511,93;26,64;68;29;3;5,8;3,8;24;81,9;7,7;3,1;11,0;0,0;4,6;0;70;15,5;True;False;False;0,8307281204357543;-0,8283455280421426;-0,5432489330375282;1,723069447612016;31,16332798795402;0;0;Zona 1;58,53216666666666;65,88622871878003
4582,4;28,57;68;29;3;5,9;3,9;23;62,4;8,4;3,4;12,0;0,0;4,9;0;71;16,9;True;False;False;1,544480007204246;-0,29140062375805903;0,6287795048940588;2,115530586956293;84,16475481025094;0;0;Zona 1;76,37333333333332;73,93964857299227
4374,2;15,15;66;32;3;5,6;3,6;20;78,0;8,2;2,8;11,2;0,0;6,6;0;63;17,7;True;False;False;0,19044236552664895;-0,832251000787285;1,6523420521342378;2,216559110319613;29,77972203022876;0;0;Zona 1;72,90333333333334;79,44861748212973
4164,53;16,31;76;21;3;5,4;3,7;23;81,9;7,6;2,4;10,1;0,09;7,1;1;59;17,3;False;False;False;-2,587830622618825;-0,5377893432038716;1,4469019853631158;0,16369434450215958;-101,37934073340199;1;1;Zona 2;69,40883333333333;71,75543907683056
3453,47;22,77;68;29;3;5,9;3,4;22;66,3;7,4;2,6;10,2;0,0;4,7;0;68;14,9;True;False;False;0,10497794629084588;-1,7576526016555205;-1,129650063734778;1,5999239624222699;-20,509706676916874;0;0;Zona 1;57,55783333333333;63,48260641410047
4232,33;23,64;71;27;3;5,8;3,4;24;163,8;9,2;3,1;12,7;0,0;4,8;0;72;17,6;True;False;False;1,4943020490015804;0,04362706194547259;0,35435493262427725;0,4793259344940623;70,77931714244983;0;0;Zona 1;70,53883333333333;73,8754477505317
4937,6;16,8;76;22;3;5,5;3,7;33;74,1;6,1;2,0;8,4;0,13;7,1;2;54;15,5;False;False;False;-3,779151334209225;-1,2292912480836644;1,239923394470198;0,47426948846802325;-161,47804578242318;1;1;Zona 2;82,29333333333334;68,58251688989839
4973,67;14,97;71;26;3;5,6;4,3;27;183,3;8,3;2,5;11,3;0,0;6,4;0;64;17,6;True;False;False;-0,0028864130343177704;0,3133763398830052;2,9814496365795025;0,6568313129371168;39,29353130552698;0;0;Zona 1;82,89450000000001;87,2920347473962
5525,2;22,89;66;31;3;5,7;3,8;41;128,7;8,3;2,7;11,3;0,0;5,4;0;68;16,7;True;False;False;0,9525009996843682;-0,3372824822017503;1,7736524963524603;1,777953968570689;66,90660470851894;0;0;Zona 1;92,08666666666666;81,70167059908361
5369,07;21,09;68;29;3;5,8;4,2;38;226,2;9,0;3,2;12,8;0,0;4,8;0;73;17,6;True;False;False;2,0557551216177026;1,0936664089214807;2,391754241759802;0,8561535843184208;133,6960792267622;0;0;Zona 1;89,4845;85,72187093541004
4515,2;21,59;73;24;3;5,8;3,9;30;89,7;8,9;2,9;12,0;0,0;5,4;0;69;17,5;True;False;False;0,646156023962855;-0,10701865111483276;1,1758221086428509;0,6040795132534894;41,92749029254715;0;0;Zona 1;75,25333333333333;77,70086214301713
3141,33;22,57;71;27;3;6,1;4,0;38;261,3;9,0;3,4;13,1;0,0;3,9;0;77;17,0;True;False;False;2,4291482988368456;1,273886527376389;-0,1660082453628416;-0,35965499066208706;117,02238969306113;0;0;Zona 1;52,3555;69,31410211688116
4485,87;23,09;73;24;3;5,4;3,9;32;109,2;7,9;2,4;10,5;0,09;6,9;1;61;17,4;False;False;False;-1,7289365078127448;0,0777709225774677;1,7292247226643225;0,714199346520498;-48,368772561065086;1;1;Zona 2;74,7645;72,74424732827332
5056,47;18,93;76;22;3;5,6;3,6;33;62,4;9,4;2,7;12,2;0,0;5,5;0;69;17,7;True;False;False;0,15438212269537013;-0,5001400175746807;1,4027935117072572;0,07595351922473378;12,909328551352012;0;0;Zona 1;84,2745;80,79680123543099
5180,87;17,59;71;26;3;5,4;4,1;48;128,7;8,7;2,5;11,5;0,04;7,1;0;62;18,7;True;False;False;-0,19874129594211637;0,5312156666282372;3,1305733075267823;0,6730165208648675;36,081256886860864;0;0;Zona 1;86,34783333333333;86,72605224833272
3965,13;26,45;63;35;2;6,4;3,6;36;58,5;10,2;2,6;13,0;0,0;2,9;0;82;15,8;True;False;False;3,263306617563676;-1,4993889086803684;-1,3601789644694477;2,8567188747287546;124,23854280193564;0;0;Zona 1;66,0855;68,40110483994032
4347,4;24,09;66;32;3;6,5;3,6;34;117,0;8,6;2,4;11,3;0,0;3,4;0;77;14,8;True;False;False;1,9199306665725981;-1,0690503916568117;-0,9375423167717574;1,7556022412707297;69,47236258492292;0;0;Zona 1;72,45666666666666;67,60959523704588
4353,4;13,86;71;26;3;6,0;3,2;46;105,3;8,6;2,4;11,2;0,0;5,1;0;69;16,3;True;False;False;0,21144055620762633;-1,1433102941040463;-0,0570860672694451;0,1066119803975428;-8,675430339468942;0;1;Zona 1;72,55666666666666;72,67923753166932
4493,93;21,78;71;26;4;6,3;3,7;75;230,1;10,4;2,8;13,7;0,0;3,6;0;79;17,4;True;False;False;2,741717083367127;2,1258240474770185;0,4303285645642216;-1,157192991907542;142,4754824452512;0;0;Zona 1;74,89883333333334;72,85904486106594
4982,27;14,24;71;26;3;5,8;3,6;56;137,15;9,0;2,45;11,48;0,01;5,07;0;69;17,0;True;False;False;0,48333087529512314;-0,278474610233226;1,2474072561420615;0,015730120044569543;28,136946035981975;0;0;Zona 1;83,03783333333334;79,83995236018728
5031,6;21,0;68;29;3;6,0;3,8;70;191,1;8,1;2,5;11,0;0,0;4,3;0;72;15,4;True;False;False;1,1334988429250787;-0,08747448673919975;0,5637662145175437;0,2555311769162901;53,7526845689768;0;0;Zona 1;83,86;75,37331395872714
5136,13;22,57;66;32;3;6,3;3,1;41;167,7;8,6;2,4;11,5;0,0;3,3;0;78;14,8;True;False;False;1,8784678798422114;-1,2051526868246214;-0,7835237622849782;1,1375956467674078;61,86785086098597;0;0;Zona 1;85,60216666666666;70,70060108483422
3836,33;28,16;73;25;2;6,5;2,8;52;81,9;8,7;3,0;12,0;0,0;3,1;0;79;15,1;True;False;False;1,8176445895252848;-2,089846302096196;-3,1445140539170717;-0,024953450510690634;12,711348501069358;0;0;Zona 1;63,938833333333335;59,11916571620906
3885,93;32,36;68;30;2;6,9;2,9;58;93,6;9,3;3,7;13,3;0,0;2,3;0;85;15,6;True;False;False;3,845011883087493;-1,2918464816723154;-3,4421025125385123;0,9310699094342499;115,32641554533922;0;0;Zona 1;64,7655;57,864201723410446
4019,8;18,48;73;24;3;6,3;3,4;61;198,9;9,3;2,6;12,5;0,0;3,7;0;77;16,1;True;False;False;1,6067452928485122;0,05788210533585642;-0,8066144753290193;-1,1514763933094005;50,626604838101564;0;0;Zona 1;66,99666666666667;69,0260912060966
4099,47;9,41;71;27;3;5,9;3,1;53;109,2;7,3;1,9;9,5;0,0;4,8;0;66;14,3;True;False;False;-0,9921724659073189;-2,16811037467994;-0,7382400271826306;-0,08824435003306591;-83,38709116557526;1;1;Zona 2;68,3245;68,52406724694018
3397,73;23,31;73;25;2;5,7;3,4;56;101,4;8,4;2,3;11,0;0,0;5,1;0;68;16,1;True;False;False;0,04682585346469468;-1,5782134500750051;-1,034585807464322;-0,025106809261860128;-32,98020622246354;0;1;Zona 1;56,62883333333333;66,921883702387
5295,2;17,73;86;12;3;5,8;3,5;57;195,0;7,9;2,2;10,7;0,0;4,9;0;68;15,6;True;False;False;-1,3329926466218658;-0,5564469679414603;0,5106691706334812;-3,356056893627161;-88,00909678776534;1;1;Zona 2;88,25333333333333;77,02329010852615
3570,07;16,42;73;24;3;5,6;3,4;67;140,4;8,0;2,0;10,3;0,0;5,9;0;64;16,2;True;False;False;-0,8591315430657952;-0,7138831134334331;-0,0723478808701771;-0,8724968184909676;-55,246698208992974;1;1;Zona 2;59,50116666666667;69,17864793937642
4027,2;12,93;76;22;3;5,4;3,3;55;97,5;7,2;1,8;9,3;0,04;7,3;0;56;16,6;True;False;False;-2,4755829376125;-1,3403452395520854;0,7507693251098685;-0,8068188317788816;-124,20895416153255;1;1;Zona 2;67,11999999999999;72,7298747905229
4263,8;17,09;78;19;3;5,2;3,8;58;128,7;6,4;1,8;8,5;0,13;7,2;2;54;15,7;False;False;False;-4,0585612444851185;-0,4471195719987935;1,0972835803435455;-0,9439160469037406;-174,3464259896816;1;1;Zona 2;71,06333333333333;66,1822125583875
4197,67;12,83;73;24;3;6,0;3,2;80;148,2;8,2;2,8;11,4;0,0;4,2;0;73;15,5;True;False;False;0,5065541016349844;-0,6283601970706741;-0,7952208010130345;-1,307048311638985;-7,400295342114617;0;0;Zona 1;69,96116666666667;68,88858257706272
3636,73;25,77;71;26;3;6,0;3,6;81;148,2;10,1;3,6;14,1;0,0;4,4;0;76;18,5;True;False;False;2,7408667480559585;1,4774857378439281;-0,27946149504709406;-0,5998869659059318;130,12817129781263;0;0;Zona 1;60,61216666666667;69,11785878017913
3907,8;25,7;73;24;3;6,5;3,6;74;136,5;11,0;4,3;15,6;0,0;2,8;0;85;18,4;True;False;False;4,24185613771608;1,7449786759889634;-0,9610693033575199;-0,8551205762477623;188,4079658849739;0;0;Zona 1;65,13000000000001;68,35343766351778
4413,93;21,27;71;26;3;6,4;3,2;80;210,6;10,2;4,1;14,8;0,0;3,4;0;82;18,2;True;False;False;3,710227989845622;1,4755562383554632;-0,6175772003464878;-1,1880384005422417;162,4397901945554;0;0;Zona 1;73,5655;71,18822441072034
4149,6;24,69;66;30;5;6,3;4,3;122;222,3;11,2;3,6;15,4;0,0;3,3;0;82;18,7;True;False;True;3,887798660095989;6,404489707749979;0,6529727240443611;-0,6818223253629501;263,59143495527724;0;0;Zona 1;69,16000000000001;57,623256162502244
3570,6;18,41;66;31;4;5,4;3,6;92;66,3;7,3;2,7;10,1;0,09;6,2;1;62;16,4;False;False;False;-1,2887609351615297;0,7732966717202227;0,38747342163262183;0,7377334627798642;-31,880866274413986;1;1;Zona 2;59,51;60,674020846267965
3955,33;25,57;78;19;3;5,6;3,4;86;120,9;7,8;2,5;10,6;0,0;5,3;0;67;15,9;True;False;False;-0,6502650643565042;-0,3516129912744366;-0,7230038685947691;-1,9291157670150085;-56,098808840098485;1;1;Zona 2;65,92216666666667;65,64997075579478
3929,91;14,94;76;22;3;5,5;3,2;69;81,9;6,8;2,4;9,5;0,04;5,4;0;64;14,8;True;False;False;-1,699959316966819;-1,6123360723490177;-0,7744726314411573;-1,0510935641412666;-112,85112369884885;1;1;Zona 2;65,49849999999999;65,47875970700451
3683,04;11,35;73;24;3;6,0;4,0;78;132,6;8,6;3,3;12,2;0,0;4,0;0;75;16,2;True;False;False;1,18343374245042;0,3949445035288062;0,007987602729559461;-0,9150688100195311;48,077898308077216;0;0;Zona 1;61,384;71,73842655348966
3281,13;29,15;66;32;3;5,9;4,1;104;132,6;10,3;3,6;14,2;0,0;4,8;0;74;19,0;True;False;False;3,3693977921298246;2,293849794746408;0,28947841356156595;0,49201468207146154;183,99808405498027;0;0;Zona 1;54,685500000000005;69,35009954424004
3322,93;45,45;76;21;4;6,4;3,8;68;237,9;9,5;3,5;13,7;0,0;2,9;0;82;16,5;True;False;False;3,2393229335587073;2,6467586825227682;-1,9017766871729749;-1,7989253136425305;143,38739444242853;0;0;Zona 1;55,38216666666666;55,7144683964635
3995,13;32,15;71;27;3;5,8;3,4;58;132,6;9,1;2,8;12,3;0,0;5,2;0;70;17,5;True;False;False;1,3645452465039938;0,28288649056795956;-0,2977849504369118;0,19502347006476373;60,34550201124132;0;0;Zona 1;66,5855;67,97294291261274
3533,47;21,0;76;22;3;5,6;3,2;42;54,6;6,1;2,0;8,2;0,0;6,0;0;58;14,2;True;False;False;-2,45817433673613;-2,465896868237487;-1,1847820406866583;-0,30413271595692865;-155,61978770433342;1;1;Zona 2;58,89116666666666;61,96646454717996
3257,33;15,45;76;21;3;5,6;3,2;67;89,7;7,4;2,5;10,1;0,0;5,9;0;63;16,0;True;False;False;-1,3261187397219338;-1,1357327939030157;-0,8131423412015241;-1,321963258729741;-92,4066158381027;1;1;Zona 2;54,28883333333333;64,87828147542277
3516,8;18,62;81;16;4;4,9;3,6;48;105,3;4,6;1,5;6,3;1,03;9,4;14;40;15,7;False;True;True;-11,647322763926311;6,532764237699218;-3,5962946957262205;3,0495557646271463;-394,8242020723671;1;2;Zona 2;58,61333333333334;-37,16603830561745
3973,4;17,45;78;19;3;5,4;3,2;35;93,6;6,1;2,1;8,5;0,09;5,9;1;59;14,3;False;False;False;-3,6112026728569173;-1,8883309167653977;-0,5980508864310166;-0,8008329036877285;-193,3969043056673;1;1;Zona 2;66,22333333333333;61,014766509596065
3824,67;11,27;76;22;3;5,4;3,3;53;123,5;7,0;2,17;9,33;0,12;6,53;2;58;16,0;False;False;False;-3,207692536003715;-0,7409413759241645;0,20459389363054922;-0,7735852457952056;-150,5242237773823;1;1;Zona 2;63,7445;63,19344552979151
4314,2;9,95;78;19;3;5,1;3,2;66;144,3;5,3;1,6;7,2;0,27;8,5;4;46;15,7;False;False;True;-6,56592446142622;0,8573699713574386;0,13285824747157624;-0,8325413909820871;-267,3988813357833;1;1;Zona 2;71,90333333333334;43,942869967517
3759,6;15,4;78;19;3;5,4;3,4;95;191,1;6,8;2,1;9,4;0,09;7,5;1;56;16,9;False;False;False;-3,1233887094813086;0,3114157994074161;0,5751197025880616;-2,5186548434137377;-141,7168041490243;1;1;Zona 2;62,66;65,47850247241033
