X,Y,Zona_Manejo,Ranking,Soybean yield (kg/ha),ECa (mS m),Clay (%),Silt (%),Sand (%),pH(water),SOM (%),P(mg/kg),K(mg/kg),Ca(cmolc/kg),Mg(cmolc/kg),SB(cmolc/kg),Al(cmolc/kg),H+Al(cmolc/kg),AS%,BS%,CTC(cmolc/kg),Tem_Zero_Al_AS,Outlier_Mahalanobis,Outlier_IsoForest,Score_PC1,Score_PC2,Score_PC3,Score_PC4,Cluster_KMeans,Cluster_Hierarquico
542488.019,6975548.675,Zona 1,31.16332798795402,3511.93,26.64,68,29,3,5.8,3.8,24,81.9,7.7,3.1,11.0,0.0,4.6,0,70,15.5,True,False,False,0.8307281204357543,-0.8283455280421426,-0.5432489330375282,1.723069447612016,0,0
542487.752,6975499.938,Zona 1,84.16475481025094,4582.4,28.57,68,29,3,5.9,3.9,23,62.4,8.4,3.4,12.0,0.0,4.9,0,71,16.9,True,False,False,1.544480007204246,-0.29140062375805903,0.6287795048940588,2.115530586956293,0,0
542451.559,6975474.032,Zona 1,29.77972203022876,4374.2,15.15,66,32,3,5.6,3.6,20,78.0,8.2,2.8,11.2,0.0,6.6,0,63,17.7,True,False,False,0.19044236552664895,-0.832251000787285,1.6523420521342378,2.216559110319613,0,0
542451.929,6975524.098,Zona 2,-101.37934073340199,4164.53,16.31,76,21,3,5.4,3.7,23,81.9,7.6,2.4,10.1,0.09,7.1,1,59,17.3,False,False,False,-2.587830622618825,-0.5377893432038716,1.4469019853631158,0.16369434450215958,1,1
542453.292,6975575.157,Zona 1,-20.509706676916874,3453.47,22.77,68,29,3,5.9,3.4,22,66.3,7.4,2.6,10.2,0.0,4.7,0,68,14.9,True,False,False,0.10497794629084588,-1.7576526016555205,-1.129650063734778,1.5999239624222699,0,0
542404.338,6975549.295,Zona 1,70.77931714244983,4232.33,23.64,71,27,3,5.8,3.4,24,163.8,9.2,3.1,12.7,0.0,4.8,0,72,17.6,True,False,False,1.4943020490015804,0.04362706194547259,0.35435493262427725,0.4793259344940623,0,0
542402.591,6975501.339,Zona 2,-161.47804578242318,4937.6,16.8,76,22,3,5.5,3.7,33,74.1,6.1,2.0,8.4,0.13,7.1,2,54,15.5,False,False,False,-3.779151334209225,-1.2292912480836644,1.239923394470198,0.47426948846802325,1,1
542402.813,6975450.939,Zona 1,39.29353130552698,4973.67,14.97,71,26,3,5.6,4.3,27,183.3,8.3,2.5,11.3,0.0,6.4,0,64,17.6,True,False,False,-0.0028864130343177704,0.3133763398830052,2.9814496365795025,0.6568313129371168,0,0
542355.944,6975426.731,Zona 1,66.90660470851894,5525.2,22.89,66,31,3,5.7,3.8,41,128.7,8.3,2.7,11.3,0.0,5.4,0,68,16.7,True,False,False,0.9525009996843682,-0.3372824822017503,1.7736524963524603,1.777953968570689,0,0
542354.934,6975478.352,Zona 1,133.6960792267622,5369.07,21.09,68,29,3,5.8,4.2,38,226.2,9.0,3.2,12.8,0.0,4.8,0,73,17.6,True,False,False,2.0557551216177026,1.0936664089214807,2.391754241759802,0.8561535843184208,0,0
542354.903,6975527.09,Zona 1,41.92749029254715,4515.2,21.59,73,24,3,5.8,3.9,30,89.7,8.9,2.9,12.0,0.0,5.4,0,69,17.5,True,False,False,0.646156023962855,-0.10701865111483276,1.1758221086428509,0.6040795132534894,0,0
542358.818,6975572.491,Zona 1,117.02238969306113,3141.33,22.57,71,27,3,6.1,4.0,38,261.3,9.0,3.4,13.1,0.0,3.9,0,77,17.0,True,False,False,2.4291482988368456,1.273886527376389,-0.1660082453628416,-0.35965499066208706,0,0
542307.964,6975569.121,Zona 2,-48.368772561065086,4485.87,23.09,73,24,3,5.4,3.9,32,109.2,7.9,2.4,10.5,0.09,6.9,1,61,17.4,False,False,False,-1.7289365078127448,0.0777709225774677,1.7292247226643225,0.714199346520498,1,1
542302.562,6975522.617,Zona 1,12.909328551352012,5056.47,18.93,76,22,3,5.6,3.6,33,62.4,9.4,2.7,12.2,0.0,5.5,0,69,17.7,True,False,False,0.15438212269537013,-0.5001400175746807,1.4027935117072572,0.07595351922473378,0,0
542299.63,6975475.44,Zona 1,36.081256886860864,5180.87,17.59,71,26,3,5.4,4.1,48,128.7,8.7,2.5,11.5,0.04,7.1,0,62,18.7,True,False,False,-0.19874129594211637,0.5312156666282372,3.1305733075267823,0.6730165208648675,0,0
542299.681,6975432.573,Zona 1,124.23854280193564,3965.13,26.45,63,35,2,6.4,3.6,36,58.5,10.2,2.6,13.0,0.0,2.9,0,82,15.8,True,False,False,3.263306617563676,-1.4993889086803684,-1.3601789644694477,2.8567188747287546,0,0
542300.701,6975383.721,Zona 1,69.47236258492292,4347.4,24.09,66,32,3,6.5,3.6,34,117.0,8.6,2.4,11.3,0.0,3.4,0,77,14.8,True,False,False,1.9199306665725981,-1.0690503916568117,-0.9375423167717574,1.7556022412707297,0,0
542253.073,6975398.173,Zona 1,-8.675430339468942,4353.4,13.86,71,26,3,6.0,3.2,46,105.3,8.6,2.4,11.2,0.0,5.1,0,69,16.3,True,False,False,0.21144055620762633,-1.1433102941040463,-0.0570860672694451,0.1066119803975428,0,1
542252.856,6975450.124,Zona 1,142.4754824452512,4493.93,21.78,71,26,4,6.3,3.7,75,230.1,10.4,2.8,13.7,0.0,3.6,0,79,17.4,True,False,False,2.741717083367127,2.1258240474770185,0.4303285645642216,-1.157192991907542,0,0
542252.337,6975500.746,Zona 1,28.136946035981975,4982.27,14.24,71,26,3,5.8,3.6,56,137.15,9.0,2.45,11.48,0.01,5.07,0,69,17.0,True,False,False,0.48333087529512314,-0.278474610233226,1.2474072561420615,0.015730120044569543,0,0
542253.694,6975550.366,Zona 1,53.7526845689768,5031.6,21.0,68,29,3,6.0,3.8,70,191.1,8.1,2.5,11.0,0.0,4.3,0,72,15.4,True,False,False,1.1334988429250787,-0.08747448673919975,0.5637662145175437,0.2555311769162901,0,0
542254.564,6975602.313,Zona 1,61.86785086098597,5136.13,22.57,66,32,3,6.3,3.1,41,167.7,8.6,2.4,11.5,0.0,3.3,0,78,14.8,True,False,False,1.8784678798422114,-1.2051526868246214,-0.7835237622849782,1.1375956467674078,0,0
542255.405,6975645.842,Zona 1,12.711348501069358,3836.33,28.16,73,25,2,6.5,2.8,52,81.9,8.7,3.0,12.0,0.0,3.1,0,79,15.1,True,False,False,1.8176445895252848,-2.089846302096196,-3.1445140539170717,-0.024953450510690634,0,0
542203.802,6975625.858,Zona 1,115.32641554533922,3885.93,32.36,68,30,2,6.9,2.9,58,93.6,9.3,3.7,13.3,0.0,2.3,0,85,15.6,True,False,False,3.845011883087493,-1.2918464816723154,-3.4421025125385123,0.9310699094342499,0,0
542201.263,6975577.683,Zona 1,50.626604838101564,4019.8,18.48,73,24,3,6.3,3.4,61,198.9,9.3,2.6,12.5,0.0,3.7,0,77,16.1,True,False,False,1.6067452928485122,0.05788210533585642,-0.8066144753290193,-1.1514763933094005,0,0
542203.765,6975528.383,Zona 2,-83.38709116557526,4099.47,9.41,71,27,3,5.9,3.1,53,109.2,7.3,1.9,9.5,0.0,4.8,0,66,14.3,True,False,False,-0.9921724659073189,-2.16811037467994,-0.7382400271826306,-0.08824435003306591,1,1
542202.31,6975478.986,Zona 1,-32.98020622246354,3397.73,23.31,73,25,2,5.7,3.4,56,101.4,8.4,2.3,11.0,0.0,5.1,0,68,16.1,True,False,False,0.04682585346469468,-1.5782134500750051,-1.034585807464322,-0.025106809261860128,0,1
542203.508,6975424.373,Zona 2,-88.00909678776534,5295.2,17.73,86,12,3,5.8,3.5,57,195.0,7.9,2.2,10.7,0.0,4.9,0,68,15.6,True,False,False,-1.3329926466218658,-0.5564469679414603,0.5106691706334812,-3.356056893627161,1,1
542201.258,6975373.871,Zona 2,-55.246698208992974,3570.07,16.42,73,24,3,5.6,3.4,67,140.4,8.0,2.0,10.3,0.0,5.9,0,64,16.2,True,False,False,-0.8591315430657952,-0.7138831134334331,-0.0723478808701771,-0.8724968184909676,1,1
542154.056,6975397.072,Zona 2,-124.20895416153255,4027.2,12.93,76,22,3,5.4,3.3,55,97.5,7.2,1.8,9.3,0.04,7.3,0,56,16.6,True,False,False,-2.4755829376125,-1.3403452395520854,0.7507693251098685,-0.8068188317788816,1,1
542154.434,6975449.685,Zona 2,-174.3464259896816,4263.8,17.09,78,19,3,5.2,3.8,58,128.7,6.4,1.8,8.5,0.13,7.2,2,54,15.7,False,False,False,-4.0585612444851185,-0.4471195719987935,1.0972835803435455,-0.9439160469037406,1,1
542153.318,6975499.313,Zona 1,-7.400295342114617,4197.67,12.83,73,24,3,6.0,3.2,80,148.2,8.2,2.8,11.4,0.0,4.2,0,73,15.5,True,False,False,0.5065541016349844,-0.6283601970706741,-0.7952208010130345,-1.307048311638985,0,0
542150.512,6975546.509,Zona 1,130.12817129781263,3636.73,25.77,71,26,3,6.0,3.6,81,148.2,10.1,3.6,14.1,0.0,4.4,0,76,18.5,True,False,False,2.7408667480559585,1.4774857378439281,-0.27946149504709406,-0.5998869659059318,0,0
542151.779,6975598.898,Zona 1,188.4079658849739,3907.8,25.7,73,24,3,6.5,3.6,74,136.5,11.0,4.3,15.6,0.0,2.8,0,85,18.4,True,False,False,4.24185613771608,1.7449786759889634,-0.9610693033575199,-0.8551205762477623,0,0
542151.46,6975650.406,Zona 1,162.4397901945554,4413.93,21.27,71,26,3,6.4,3.2,80,210.6,10.2,4.1,14.8,0.0,3.4,0,82,18.2,True,False,False,3.710227989845622,1.4755562383554632,-0.6175772003464878,-1.1880384005422417,0,0
542104.659,6975675.378,Zona 1,263.59143495527724,4149.6,24.69,66,30,5,6.3,4.3,122,222.3,11.2,3.6,15.4,0.0,3.3,0,82,18.7,True,False,True,3.887798660095989,6.404489707749979,0.6529727240443611,-0.6818223253629501,0,0
542101.409,6975621.667,Zona 2,-31.880866274413986,3570.6,18.41,66,31,4,5.4,3.6,92,66.3,7.3,2.7,10.1,0.09,6.2,1,62,16.4,False,False,False,-1.2887609351615297,0.7732966717202227,0.38747342163262183,0.7377334627798642,1,1
542100.664,6975577.141,Zona 2,-56.098808840098485,3955.33,25.57,78,19,3,5.6,3.4,86,120.9,7.8,2.5,10.6,0.0,5.3,0,67,15.9,True,False,False,-0.6502650643565042,-0.3516129912744366,-0.7230038685947691,-1.9291157670150085,1,1
542099.703,6975527.409,Zona 2,-112.85112369884885,3929.91,14.94,76,22,3,5.5,3.2,69,81.9,6.8,2.4,9.5,0.04,5.4,0,64,14.8,True,False,False,-1.699959316966819,-1.6123360723490177,-0.7744726314411573,-1.0510935641412666,1,1
542101.498,6975473.902,Zona 1,48.077898308077216,3683.04,11.35,73,24,3,6.0,4.0,78,132.6,8.6,3.3,12.2,0.0,4.0,0,75,16.2,True,False,False,1.18343374245042,0.3949445035288062,0.007987602729559461,-0.9150688100195311,0,0
542101.228,6975423.615,Zona 1,183.99808405498027,3281.13,29.15,66,32,3,5.9,4.1,104,132.6,10.3,3.6,14.2,0.0,4.8,0,74,19.0,True,False,False,3.3693977921298246,2.293849794746408,0.28947841356156595,0.49201468207146154,0,0
542101.358,6975374.655,Zona 1,143.38739444242853,3322.93,45.45,76,21,4,6.4,3.8,68,237.9,9.5,3.5,13.7,0.0,2.9,0,82,16.5,True,False,False,3.2393229335587073,2.6467586825227682,-1.9017766871729749,-1.7989253136425305,0,0
542047.928,6975369.853,Zona 1,60.34550201124132,3995.13,32.15,71,27,3,5.8,3.4,58,132.6,9.1,2.8,12.3,0.0,5.2,0,70,17.5,True,False,False,1.3645452465039938,0.28288649056795956,-0.2977849504369118,0.19502347006476373,0,0
542052.476,6975427.547,Zona 2,-155.61978770433342,3533.47,21.0,76,22,3,5.6,3.2,42,54.6,6.1,2.0,8.2,0.0,6.0,0,58,14.2,True,False,False,-2.45817433673613,-2.465896868237487,-1.1847820406866583,-0.30413271595692865,1,1
542052.43,6975472.076,Zona 2,-92.4066158381027,3257.33,15.45,76,21,3,5.6,3.2,67,89.7,7.4,2.5,10.1,0.0,5.9,0,63,16.0,True,False,False,-1.3261187397219338,-1.1357327939030157,-0.8131423412015241,-1.321963258729741,1,1
542001.716,6975451.424,Zona 2,-394.8242020723671,3516.8,18.62,81,16,4,4.9,3.6,48,105.3,4.6,1.5,6.3,1.03,9.4,14,40,15.7,False,True,True,-11.647322763926311,6.532764237699218,-3.5962946957262205,3.0495557646271463,1,2
542000.842,6975398.148,Zona 2,-193.3969043056673,3973.4,17.45,78,19,3,5.4,3.2,35,93.6,6.1,2.1,8.5,0.09,5.9,1,59,14.3,False,False,False,-3.6112026728569173,-1.8883309167653977,-0.5980508864310166,-0.8008329036877285,1,1
542000.191,6975352.182,Zona 2,-150.5242237773823,3824.67,11.27,76,22,3,5.4,3.3,53,123.5,7.0,2.17,9.33,0.12,6.53,2,58,16.0,False,False,False,-3.207692536003715,-0.7409413759241645,0.20459389363054922,-0.7735852457952056,1,1
541956.458,6975377.586,Zona 2,-267.3988813357833,4314.2,9.95,78,19,3,5.1,3.2,66,144.3,5.3,1.6,7.2,0.27,8.5,4,46,15.7,False,False,True,-6.56592446142622,0.8573699713574386,0.13285824747157624,-0.8325413909820871,1,1
541952.964,6975426.224,Zona 2,-141.7168041490243,3759.6,15.4,78,19,3,5.4,3.4,95,191.1,6.8,2.1,9.4,0.09,7.5,1,56,16.9,False,False,False,-3.1233887094813086,0.3114157994074161,0.5751197025880616,-2.5186548434137377,1,1
